system,sigma,variant,cfg,rmse_rms,rmse_med,rmse_p95,anees,fire,metrics,covariance_policy,runs,cov_bad_runs,cov_bad_frac,secs,labels,gain,recal,metric
batt,1e-06,EKF,F0,1.4915824370724335,0.006155436599315079,0.6429560510096262,2.1441958482024986e+39,0.0,per-run-rms-p95-v1,square-root-joseph-v1,10000,0,0.0,179.3296818,v4,conventional,none,none
batt,1e-06,EKF,F1,0.0019324165025931647,9.394492785435396e-05,0.0025088928301472135,19405.499738941933,0.17632833333333334,per-run-rms-p95-v1,square-root-joseph-v1,10000,0,0.0,240.0991884,v4,single,single,I
batt,1e-06,EKF,F2,0.005700244288902531,1.9168602172859452e-05,0.00011430678836339479,4.014518175072292,0.147825,per-run-rms-p95-v1,square-root-joseph-v1,10000,0,0.0,379.2925766,v4,single,set,Pinv
batt,1e-06,EKF,F3,0.020541340786080452,1.836760326301205e-05,0.00014575333898144774,5911.723531795694,0.016536666666666668,per-run-rms-p95-v1,square-root-joseph-v1,10000,0,0.0,425.40774469999997,v4,mean,single,Pinv
batt,1e-06,EKF,F4,2.647177995193553e-05,1.4558895740207337e-05,5.208702495889288e-05,1.8018174833351965,0.0022383333333333335,per-run-rms-p95-v1,square-root-joseph-v1,10000,0,0.0,539.2847241,v4,mean,set,Pinv
batt,1e-06,EKF,IPLF2,1.4110242945927527,0.0004830295126100848,0.011245235612101341,3.217486096380485e+27,3.60616,per-run-rms-p95-v1,square-root-joseph-v1,10000,0,0.0,578.9390831000001,v4,iplf,none,none
batt,1e-06,EKF2,F0,0.09023865484935407,1.7624368085405793e-05,0.0017026782119443948,55658118.41874113,0.0,per-run-rms-p95-v1,square-root-joseph-v1,10000,0,0.0,314.1564357,v4,conventional,none,none
batt,1e-06,EKF2,F1,0.0012321657125654024,1.4444632070085174e-05,5.3006804074291735e-05,206.7627128180922,0.051815,per-run-rms-p95-v1,square-root-joseph-v1,10000,0,0.0,446.30848000000003,v4,single,single,I
batt,1e-06,EKF2,F2,0.043513343845134056,1.9892544898806752e-05,7.199370613657037e-05,1.5376957104721363,0.14025500000000002,per-run-rms-p95-v1,square-root-joseph-v1,10000,0,0.0,754.1703126,v4,single,set,Pinv
batt,1e-06,EKF2,F3,2.9512060975366325e-05,1.4804609586872202e-05,5.978530699397795e-05,2.5886314252396807,0.003043333333333333,per-run-rms-p95-v1,square-root-joseph-v1,10000,0,0.0,851.3942571000001,v4,mean,single,Pinv
batt,1e-06,EKF2,F4,2.3027677592958415e-05,1.5086463279471891e-05,4.086665469630496e-05,1.1850207492373903,0.00143,per-run-rms-p95-v1,square-root-joseph-v1,10000,0,0.0,1170.4533872,v4,mean,set,Pinv
batt,1e-06,EKF2,IPLF2,0.017899992891049064,1.377272370730353e-05,0.00048488849653557036,3311549.464444989,3.6735316666666664,per-run-rms-p95-v1,square-root-joseph-v1,10000,0,0.0,946.9891352999999,v4,iplf,none,none
batt,1e-06,UKF,F0,0.1001276173747713,2.245618274350563e-05,0.004985191246248908,70857947.75529194,0.0,per-run-rms-p95-v1,square-root-joseph-v1,10000,0,0.0,298.30042469999995,v4,conventional,none,none
batt,1e-06,UKF,F1,0.0021049631350948056,1.5033400896563183e-05,6.968007070681315e-05,520.2089159895141,0.06748166666666668,per-run-rms-p95-v1,square-root-joseph-v1,10000,0,0.0,420.9136563,v4,single,single,I
batt,1e-06,UKF,F2,0.0416082353278575,2.0269586697960524e-05,7.3342223023903e-05,1.2640169341000251,0.15095,per-run-rms-p95-v1,square-root-joseph-v1,10000,0,0.0,757.9011869,v4,single,set,Pinv
batt,1e-06,UKF,F3,3.091981325724871e-05,1.5208841554992982e-05,6.506054352584239e-05,3.570960614616442,0.00436,per-run-rms-p95-v1,square-root-joseph-v1,10000,0,0.0,844.5209235,v4,mean,single,Pinv
batt,1e-06,UKF,F4,2.3121089626136852e-05,1.505356376095892e-05,4.105329744560801e-05,1.2183655311772905,0.0014916666666666667,per-run-rms-p95-v1,square-root-joseph-v1,10000,0,0.0,1149.7092644000002,v4,mean,set,Pinv
batt,1e-06,UKF,IPLF2,0.0186472847898412,1.6229329888540025e-05,0.0008889576791658576,2798201.61630973,3.919373333333333,per-run-rms-p95-v1,square-root-joseph-v1,10000,0,0.0,907.7627519000001,v4,iplf,none,none
batt,1e-06,CKF,F0,0.1258143103451225,2.507215231116179e-05,0.030995603471914202,104267561.50659789,0.0,per-run-rms-p95-v1,square-root-joseph-v1,10000,0,0.0,272.5722887,v4,conventional,none,none
batt,1e-06,CKF,F1,0.0030128109597847923,1.5937032423553134e-05,0.00017578431262038404,21843.504197304537,0.06226833333333333,per-run-rms-p95-v1,square-root-joseph-v1,10000,0,0.0,401.01021849999995,v4,single,single,I
batt,1e-06,CKF,F2,0.04345359800525233,1.696680199522676e-05,4.5063526470951455e-05,1.0408018600431412,0.049745000000000004,per-run-rms-p95-v1,square-root-joseph-v1,10000,0,0.0,699.3097210999999,v4,single,set,Pinv
batt,1e-06,CKF,F3,9.023339221735282e-05,1.5193252072315007e-05,6.409725621108115e-05,11.4965965345813,0.006706666666666666,per-run-rms-p95-v1,square-root-joseph-v1,10000,0,0.0,785.1329991,v4,mean,single,Pinv
batt,1e-06,CKF,F4,2.3017454642659176e-05,1.499734224807378e-05,4.1344023341914545e-05,1.280672705610686,0.00155,per-run-rms-p95-v1,square-root-joseph-v1,10000,0,0.0,1071.0324044,v4,mean,set,Pinv
batt,1e-06,CKF,IPLF2,0.017636534834717662,1.5480020464463763e-05,0.0007356226448476233,1482115.7986871398,3.87546,per-run-rms-p95-v1,square-root-joseph-v1,10000,0,0.0,894.9963457,v4,iplf,none,none
batt,3.162277660168379e-06,EKF,F0,1.9899328408653927,0.0016088543424057741,0.6492989373408583,4.468809764569133e+32,0.0,per-run-rms-p95-v1,square-root-joseph-v1,10000,0,0.0,200.83441500000004,v4,conventional,none,none
batt,3.162277660168379e-06,EKF,F1,0.014901995723702722,6.816465536036646e-05,0.0018747157637612698,371160.57501027,0.16074666666666668,per-run-rms-p95-v1,square-root-joseph-v1,10000,0,0.0,246.52443340000002,v4,single,single,I
batt,3.162277660168379e-06,EKF,F2,0.005740351446844516,2.7107089160466563e-05,0.00015291698817951343,4.033463314541203,0.14784833333333333,per-run-rms-p95-v1,square-root-joseph-v1,10000,0,0.0,361.6343541,v4,single,set,Pinv
batt,3.162277660168379e-06,EKF,F3,0.017185011218687252,2.409122000063033e-05,0.00017231180181667664,953.692538365595,0.01591333333333333,per-run-rms-p95-v1,square-root-joseph-v1,10000,0,0.0,420.31446300000005,v4,mean,single,Pinv
batt,3.162277660168379e-06,EKF,F4,3.779214920132455e-05,2.018557963331148e-05,7.682596526901456e-05,1.8469259172970414,0.0022433333333333333,per-run-rms-p95-v1,square-root-joseph-v1,10000,0,0.0,503.28525060000004,v4,mean,set,Pinv
batt,3.162277660168379e-06,EKF,IPLF2,1.8183870612982136,0.0005231035957616908,0.007037010310836024,1.2665529882396905e+25,3.4622900000000003,per-run-rms-p95-v1,square-root-joseph-v1,10000,0,0.0,541.2094860999999,v4,iplf,none,none
batt,3.162277660168379e-06,EKF2,F0,0.09805944540040429,2.5301060077648464e-05,0.000812388316064639,25398278.13913722,0.0,per-run-rms-p95-v1,square-root-joseph-v1,10000,0,0.0,315.4090167999999,v4,conventional,none,none
batt,3.162277660168379e-06,EKF2,F1,0.002310840452496102,2.100925706969694e-05,7.79317995545355e-05,307.8774951730175,0.05176,per-run-rms-p95-v1,square-root-joseph-v1,10000,0,0.0,429.874739,v4,single,single,I
batt,3.162277660168379e-06,EKF2,F2,0.04408216142618937,2.9005015122020482e-05,9.906262696205673e-05,1.5519734449230618,0.14028500000000002,per-run-rms-p95-v1,square-root-joseph-v1,10000,0,0.0,758.8124495000001,v4,single,set,Pinv
batt,3.162277660168379e-06,EKF2,F3,3.758481790325471e-05,2.1623314499107203e-05,7.586781250285964e-05,2.4951190516742967,0.0030383333333333334,per-run-rms-p95-v1,square-root-joseph-v1,10000,0,0.0,855.0848007000001,v4,mean,single,Pinv
batt,3.162277660168379e-06,EKF2,F4,3.2335560041255695e-05,2.17926088281605e-05,5.8521347569536104e-05,1.2127364647857803,0.001425,per-run-rms-p95-v1,square-root-joseph-v1,10000,0,0.0,1170.126205,v4,mean,set,Pinv
batt,3.162277660168379e-06,EKF2,IPLF2,0.01560084577487053,1.7805771840418886e-05,0.0003850947800655217,824619.1595759407,3.6547716666666674,per-run-rms-p95-v1,square-root-joseph-v1,10000,0,0.0,896.0819119999999,v4,iplf,none,none
batt,3.162277660168379e-06,UKF,F0,0.10453842831444506,3.0273177906750095e-05,0.005198447391187937,29904208.882397637,0.0,per-run-rms-p95-v1,square-root-joseph-v1,10000,0,0.0,287.89217569999994,v4,conventional,none,none
batt,3.162277660168379e-06,UKF,F1,0.0023395191058644886,2.1965966389373802e-05,9.733880506723836e-05,548.5048680907861,0.06726166666666666,per-run-rms-p95-v1,square-root-joseph-v1,10000,0,0.0,389.7693455000001,v4,single,single,I
batt,3.162277660168379e-06,UKF,F2,0.042762754606805196,2.9700212741913682e-05,0.00010096087557759216,1.2883669307877765,0.15118166666666666,per-run-rms-p95-v1,square-root-joseph-v1,10000,0,0.0,722.1156457,v4,single,set,Pinv
batt,3.162277660168379e-06,UKF,F3,3.834150547985104e-05,2.1951248471754165e-05,7.709156003963652e-05,3.387112738254497,0.004351666666666667,per-run-rms-p95-v1,square-root-joseph-v1,10000,0,0.0,824.0354725000001,v4,mean,single,Pinv
batt,3.162277660168379e-06,UKF,F4,3.22552099775767e-05,2.1677957722215196e-05,5.875050369942604e-05,1.243627378983822,0.0014899999999999998,per-run-rms-p95-v1,square-root-joseph-v1,10000,0,0.0,1134.6778685000002,v4,mean,set,Pinv
batt,3.162277660168379e-06,UKF,IPLF2,0.018845307328135934,1.9860603867199178e-05,0.0007987850773822628,741959.7646430547,3.883291666666667,per-run-rms-p95-v1,square-root-joseph-v1,10000,0,0.0,896.8493761000001,v4,iplf,none,none
batt,3.162277660168379e-06,CKF,F0,0.11433935078895385,3.210146207218388e-05,0.023114821689547843,25342616.145842616,0.0,per-run-rms-p95-v1,square-root-joseph-v1,10000,0,0.0,262.34137250000003,v4,conventional,none,none
batt,3.162277660168379e-06,CKF,F1,0.003751181177735389,2.310603007773137e-05,0.0001983580075057445,9782.386262833763,0.06106166666666665,per-run-rms-p95-v1,square-root-joseph-v1,10000,0,0.0,373.67949540000006,v4,single,single,I
batt,3.162277660168379e-06,CKF,F2,0.043524952940784185,2.4373673750454806e-05,6.14530494289518e-05,1.0462986963685579,0.04975833333333333,per-run-rms-p95-v1,square-root-joseph-v1,10000,0,0.0,655.8884734000001,v4,single,set,Pinv
batt,3.162277660168379e-06,CKF,F3,0.00019051194568087986,2.1388170833150268e-05,7.188425568018454e-05,9.032362048732839,0.006680000000000001,per-run-rms-p95-v1,square-root-joseph-v1,10000,0,0.0,747.839403,v4,mean,single,Pinv
batt,3.162277660168379e-06,CKF,F4,3.196392698622527e-05,2.152367480952214e-05,5.859775221416677e-05,1.3018683280590926,0.0015416666666666667,per-run-rms-p95-v1,square-root-joseph-v1,10000,0,0.0,1028.3009977000002,v4,mean,set,Pinv
batt,3.162277660168379e-06,CKF,IPLF2,0.016394127385705747,1.8647072274378247e-05,0.0006479457729813705,699414.3828013933,3.8882466666666673,per-run-rms-p95-v1,square-root-joseph-v1,10000,0,0.0,848.2317942999998,v4,iplf,none,none
batt,1e-05,EKF,F0,1.357959157831423,0.0021368737410838706,0.6246768142086906,2.236614389526386e+42,0.0,per-run-rms-p95-v1,square-root-joseph-v1,10000,0,0.0,187.77077570000006,v4,conventional,none,none
batt,1e-05,EKF,F1,0.027695810520382873,9.058906704675828e-05,0.002033029194215997,270071.3499541138,0.14593166666666665,per-run-rms-p95-v1,square-root-joseph-v1,10000,0,0.0,237.49987229999988,v4,single,single,I
batt,1e-05,EKF,F2,0.005729103363798897,4.901831439441958e-05,0.00028519535336898156,7.505622319399888,0.1478266666666667,per-run-rms-p95-v1,square-root-joseph-v1,10000,0,0.0,350.26517449999983,v4,single,set,Pinv
batt,1e-05,EKF,F3,0.016716790684969503,4.0802531433901476e-05,0.00022530843613565948,399.14502111739176,0.014653333333333332,per-run-rms-p95-v1,square-root-joseph-v1,10000,0,0.0,398.9599323,v4,mean,single,Pinv
batt,1e-05,EKF,F4,6.435391314778446e-05,3.73830942679628e-05,0.00012951783402143297,1.6486964358720955,0.00223,per-run-rms-p95-v1,square-root-joseph-v1,10000,0,0.0,510.9606853,v4,mean,set,Pinv
batt,1e-05,EKF,IPLF2,1.8033117098580271,0.0005011467872584781,0.005107677341223582,2.4840639995491534e+29,3.275381666666667,per-run-rms-p95-v1,square-root-joseph-v1,10000,0,0.0,505.7654076000001,v4,iplf,none,none
batt,1e-05,EKF2,F0,0.09451075665837715,4.9127211214668645e-05,0.001078399139375881,3869806.5673470055,0.0,per-run-rms-p95-v1,square-root-joseph-v1,10000,0,0.0,308.79133120000006,v4,conventional,none,none
batt,1e-05,EKF2,F1,0.002216562439595985,4.505367666548912e-05,0.00014187300819997064,164.91856863347996,0.05146166666666667,per-run-rms-p95-v1,square-root-joseph-v1,10000,0,0.0,413.25177840000015,v4,single,single,I
batt,1e-05,EKF2,F2,0.04389966355128061,5.5159748497593406e-05,0.0001734198100065411,1.5430533162563398,0.14029833333333333,per-run-rms-p95-v1,square-root-joseph-v1,10000,0,0.0,741.7578552999998,v4,single,set,Pinv
batt,1e-05,EKF2,F3,6.105695099794961e-05,4.3404844574640686e-05,0.0001137106398263447,2.129185681840363,0.0030333333333333336,per-run-rms-p95-v1,square-root-joseph-v1,10000,0,0.0,827.9910176999999,v4,mean,single,Pinv
batt,1e-05,EKF2,F4,6.119773994797846e-05,4.436380683039928e-05,0.00011186958390772622,1.1694294263305132,0.00143,per-run-rms-p95-v1,square-root-joseph-v1,10000,0,0.0,1166.6846801000002,v4,mean,set,Pinv
batt,1e-05,EKF2,IPLF2,0.010310839144375588,3.376085997700251e-05,0.0002645395648611912,40943.381190004846,3.6440333333333337,per-run-rms-p95-v1,square-root-joseph-v1,10000,0,0.0,905.4501545999999,v4,iplf,none,none
batt,1e-05,UKF,F0,0.09940966461650348,5.2215308059912283e-05,0.0046105955170052376,4508839.716668303,0.0,per-run-rms-p95-v1,square-root-joseph-v1,10000,0,0.0,278.2822598,v4,conventional,none,none
batt,1e-05,UKF,F1,0.0024779584667953785,4.527716345756566e-05,0.00015931099953551324,289.89210497552864,0.06660333333333335,per-run-rms-p95-v1,square-root-joseph-v1,10000,0,0.0,395.6539768,v4,single,single,I
batt,1e-05,UKF,F2,0.04276108959645227,5.6229973424775945e-05,0.00017691416731434515,1.2797824564981561,0.15116000000000002,per-run-rms-p95-v1,square-root-joseph-v1,10000,0,0.0,725.7690140000002,v4,single,set,Pinv
batt,1e-05,UKF,F3,6.0169617410546814e-05,4.238178592804477e-05,0.00011098181866402604,2.92097873065644,0.004340000000000001,per-run-rms-p95-v1,square-root-joseph-v1,10000,0,0.0,825.6348416000001,v4,mean,single,Pinv
batt,1e-05,UKF,F4,6.063960982506133e-05,4.377992242372477e-05,0.00011052146233486299,1.1928366977593952,0.0014916666666666665,per-run-rms-p95-v1,square-root-joseph-v1,10000,0,0.0,1153.7707667999998,v4,mean,set,Pinv
batt,1e-05,UKF,IPLF2,0.019812216848219252,3.835719817355768e-05,0.0009337374870823428,238034.78238668627,3.8556866666666667,per-run-rms-p95-v1,square-root-joseph-v1,10000,0,0.0,900.5981377000003,v4,iplf,none,none
batt,1e-05,CKF,F0,0.10416086586958989,5.394737745176879e-05,0.02240643128191015,3164118.8758852268,0.0,per-run-rms-p95-v1,square-root-joseph-v1,10000,0,0.0,258.64538300000004,v4,conventional,none,none
batt,1e-05,CKF,F1,0.002949434074894504,4.583878094815157e-05,0.0002012540897369478,2226.0808361718136,0.05768166666666666,per-run-rms-p95-v1,square-root-joseph-v1,10000,0,0.0,366.562375,v4,single,single,I
batt,1e-05,CKF,F2,0.044122628912353495,4.480285997104343e-05,0.00011313260729118761,1.0336663777138453,0.04987833333333333,per-run-rms-p95-v1,square-root-joseph-v1,10000,0,0.0,686.1090462,v4,single,set,Pinv
batt,1e-05,CKF,F3,9.569027680144346e-05,3.877584432939108e-05,0.00010838730478546506,5.1375671552887665,0.006608333333333334,per-run-rms-p95-v1,square-root-joseph-v1,10000,0,0.0,774.5720624,v4,mean,single,Pinv
batt,1e-05,CKF,F4,5.7762738999290195e-05,4.2221214886286704e-05,0.00010473408630978356,1.2354841684112141,0.001545,per-run-rms-p95-v1,square-root-joseph-v1,10000,0,0.0,1072.313888,v4,mean,set,Pinv
batt,1e-05,CKF,IPLF2,0.014831720779196688,3.7495581691046174e-05,0.0007427011727702643,136872.5709580621,3.8832050000000002,per-run-rms-p95-v1,square-root-joseph-v1,10000,0,0.0,889.5006994,v4,iplf,none,none
batt,3.1622776601683795e-05,EKF,F0,1.4638819720561516,0.0022091909921810415,0.6094938666010411,1.930275877583455e+38,0.0,per-run-rms-p95-v1,square-root-joseph-v1,10000,0,0.0,187.11335780000013,v4,conventional,none,none
batt,3.1622776601683795e-05,EKF,F1,0.02389153784002854,0.00017002010743086642,0.002435983340338911,26170.46807624741,0.13076833333333335,per-run-rms-p95-v1,square-root-joseph-v1,10000,0,0.0,231.0631383,v4,single,single,I
batt,3.1622776601683795e-05,EKF,F2,0.005365213478369758,0.00010093153766570348,0.0007440300729396176,4.393746983748429,0.14877,per-run-rms-p95-v1,square-root-joseph-v1,10000,0,0.0,367.4411918999999,v4,single,set,Pinv
batt,3.1622776601683795e-05,EKF,F3,0.004443791520725483,8.377089677908957e-05,0.0005557797942027767,362806.2589730439,0.012956666666666667,per-run-rms-p95-v1,square-root-joseph-v1,10000,0,0.0,386.7646523999997,v4,mean,single,Pinv
batt,3.1622776601683795e-05,EKF,F4,0.0001032402692259295,7.397090871594971e-05,0.00019391145622001883,1.3119420918470863,0.00223,per-run-rms-p95-v1,square-root-joseph-v1,10000,0,0.0,538.6876937999998,v4,mean,set,Pinv
batt,3.1622776601683795e-05,EKF,IPLF2,0.03836110038462605,0.0004885330597217337,0.004103943373418639,572666.3280805598,3.10684,per-run-rms-p95-v1,square-root-joseph-v1,10000,0,0.0,523.5743815999999,v4,iplf,none,none
batt,3.1622776601683795e-05,EKF2,F0,0.08588381039917815,8.297211399995046e-05,0.0014479062596614441,357583.42559421394,0.0,per-run-rms-p95-v1,square-root-joseph-v1,10000,0,0.0,312.2929024,v4,conventional,none,none
batt,3.1622776601683795e-05,EKF2,F1,0.0035683383269642216,8.583434534001748e-05,0.00024640302757939956,129.20275380512427,0.051683333333333324,per-run-rms-p95-v1,square-root-joseph-v1,10000,0,0.0,437.1929604000002,v4,single,single,I
batt,3.1622776601683795e-05,EKF2,F2,0.04457206442641986,0.00010844737282220417,0.0003536885557935119,1.655971505572964,0.1405,per-run-rms-p95-v1,square-root-joseph-v1,10000,0,0.0,773.7108772000001,v4,single,set,Pinv
batt,3.1622776601683795e-05,EKF2,F3,0.00011082665235797554,8.095929910329618e-05,0.0002027279033109467,1.8121550794315782,0.003025,per-run-rms-p95-v1,square-root-joseph-v1,10000,0,0.0,862.6974697,v4,mean,single,Pinv
batt,3.1622776601683795e-05,EKF2,F4,0.000114634678637837,8.489124849930624e-05,0.000209603300748028,1.0300854372135706,0.0014433333333333334,per-run-rms-p95-v1,square-root-joseph-v1,10000,0,0.0,1181.9070534999998,v4,mean,set,Pinv
batt,3.1622776601683795e-05,EKF2,IPLF2,0.020078827534320668,8.319569729384378e-05,0.0005393656229700708,26604.905370447104,3.6823466666666667,per-run-rms-p95-v1,square-root-joseph-v1,10000,0,0.0,925.6085640999997,v4,iplf,none,none
batt,3.1622776601683795e-05,UKF,F0,0.09251612393003981,9.240092573832242e-05,0.0036543692156725343,444299.23439507774,0.0,per-run-rms-p95-v1,square-root-joseph-v1,10000,0,0.0,287.81886129999975,v4,conventional,none,none
batt,3.1622776601683795e-05,UKF,F1,0.010444504311235328,8.31469863548809e-05,0.00023560863613414625,1978.4688742429719,0.066875,per-run-rms-p95-v1,square-root-joseph-v1,10000,0,0.0,405.2316987999998,v4,single,single,I
batt,3.1622776601683795e-05,UKF,F2,0.0423905759107868,0.00011056023134336921,0.0003651245224353703,1.2216405031357749,0.1511416666666667,per-run-rms-p95-v1,square-root-joseph-v1,10000,0,0.0,754.2785402999998,v4,single,set,Pinv
batt,3.1622776601683795e-05,UKF,F3,0.00011957084746984215,7.985886789069947e-05,0.00020801708329467846,2.6419161940614306,0.004368333333333333,per-run-rms-p95-v1,square-root-joseph-v1,10000,0,0.0,832.4438593,v4,mean,single,Pinv
batt,3.1622776601683795e-05,UKF,F4,0.00011290408307544517,8.348132105623658e-05,0.00020655564847318477,1.0456362106432644,0.0014933333333333333,per-run-rms-p95-v1,square-root-joseph-v1,10000,0,0.0,1151.2705572999998,v4,mean,set,Pinv
batt,3.1622776601683795e-05,UKF,IPLF2,0.027303521832093232,9.70111944067186e-05,0.0014340279835812928,55914.880357313195,3.83461,per-run-rms-p95-v1,square-root-joseph-v1,10000,0,0.0,918.8271206999998,v4,iplf,none,none
batt,3.1622776601683795e-05,CKF,F0,0.09468822999673335,0.00010434502395006883,0.026494197112505554,301474.87498853303,0.0,per-run-rms-p95-v1,square-root-joseph-v1,10000,0,0.0,286.61159,v4,conventional,none,none
batt,3.1622776601683795e-05,CKF,F1,0.0026505082544958838,8.050989298940994e-05,0.00027489637047170654,627.8467676768634,0.055611666666666656,per-run-rms-p95-v1,square-root-joseph-v1,10000,0,0.0,396.1552029999998,v4,single,single,I
batt,3.1622776601683795e-05,CKF,F2,0.04339023376887388,9.000526865666003e-05,0.00023642784205634101,1.0011328963548163,0.04980500000000001,per-run-rms-p95-v1,square-root-joseph-v1,10000,0,0.0,677.0935202999999,v4,single,set,Pinv
batt,3.1622776601683795e-05,CKF,F3,0.00024858104489596325,7.758100319587725e-05,0.00022750168118864704,5.26437510920846,0.006398333333333333,per-run-rms-p95-v1,square-root-joseph-v1,10000,0,0.0,768.4362984999998,v4,mean,single,Pinv
batt,3.1622776601683795e-05,CKF,F4,0.00010497802862570186,7.934365871054046e-05,0.0001916728754347052,1.0759699728400833,0.0015450000000000001,per-run-rms-p95-v1,square-root-joseph-v1,10000,0,0.0,1053.5020359999999,v4,mean,set,Pinv
batt,3.1622776601683795e-05,CKF,IPLF2,0.018356709307803146,9.579913970521453e-05,0.0011494738269863909,31560.448138826796,3.8687199999999997,per-run-rms-p95-v1,square-root-joseph-v1,10000,0,0.0,876.5690734,v4,iplf,none,none
batt,0.0001,EKF,F0,0.735073999930368,0.002149164629884256,0.5952742248420708,4.3822345777282694e+45,0.0,per-run-rms-p95-v1,square-root-joseph-v1,10000,0,0.0,190.1063247000002,v4,conventional,none,none
batt,0.0001,EKF,F1,0.01593331456550697,0.0003793272765874019,0.0031154640204001443,1048.5208986594616,0.12201166666666668,per-run-rms-p95-v1,square-root-joseph-v1,10000,0,0.0,258.25680839999995,v4,single,single,I
batt,0.0001,EKF,F2,0.006282177788804762,0.0002647960550633506,0.002235731552145622,6.043522477804615,0.1568766666666667,per-run-rms-p95-v1,square-root-joseph-v1,10000,0,0.0,380.4922425999998,v4,single,set,Pinv
batt,0.0001,EKF,F3,0.013667490709661997,0.0002320640315211548,0.0018019047175192853,372.31539125311946,0.009770000000000001,per-run-rms-p95-v1,square-root-joseph-v1,10000,0,0.0,410.87914120000005,v4,mean,single,Pinv
batt,0.0001,EKF,F4,0.0002641146994065568,0.00019034218179639638,0.0004811609264919777,1.2802035450330709,0.002385,per-run-rms-p95-v1,square-root-joseph-v1,10000,0,0.0,534.7511718000001,v4,mean,set,Pinv
batt,0.0001,EKF,IPLF2,0.03202865389886389,0.0005645977913769835,0.004400891337269423,6393.553449099449,3.0659083333333337,per-run-rms-p95-v1,square-root-joseph-v1,10000,0,0.0,510.43678120000004,v4,iplf,none,none
batt,0.0001,EKF2,F0,0.07628613809324335,0.00020832068161389232,0.002028773567881765,29441.47752723756,0.0,per-run-rms-p95-v1,square-root-joseph-v1,10000,0,0.0,304.9507813,v4,conventional,none,none
batt,0.0001,EKF2,F1,0.015075779699432345,0.00019298389736759614,0.0005067515291913398,298.72215381691655,0.061366666666666674,per-run-rms-p95-v1,square-root-joseph-v1,10000,0,0.0,416.1672829000004,v4,single,single,I
batt,0.0001,EKF2,F2,0.04356223728534018,0.0002647856994797312,0.0009070493415674052,1.5200920817035302,0.14046166666666668,per-run-rms-p95-v1,square-root-joseph-v1,10000,0,0.0,742.8813925,v4,single,set,Pinv
batt,0.0001,EKF2,F3,0.0003378328277635787,0.0001989363665663267,0.0005734013197563788,1.8062341910687127,0.0031283333333333337,per-run-rms-p95-v1,square-root-joseph-v1,10000,0,0.0,817.7996123000003,v4,mean,single,Pinv
batt,0.0001,EKF2,F4,0.0002698316032821628,0.0002022969032936051,0.000492549114697797,0.9797823397482942,0.0015283333333333334,per-run-rms-p95-v1,square-root-joseph-v1,10000,0,0.0,1137.6836305000002,v4,mean,set,Pinv
batt,0.0001,EKF2,IPLF2,0.027874701014532877,0.00026711276687401266,0.0022496473661424545,5371.645924180208,3.8129933333333335,per-run-rms-p95-v1,square-root-joseph-v1,10000,0,0.0,919.5660330000001,v4,iplf,none,none
batt,0.0001,UKF,F0,0.08161591628698633,0.00023130626564260324,0.0033282936043068797,35548.04466854386,0.0,per-run-rms-p95-v1,square-root-joseph-v1,10000,0,0.0,272.9231261,v4,conventional,none,none
batt,0.0001,UKF,F1,0.01991710566688242,0.00019303907809098156,0.0005355163835317926,715.0335657803516,0.07544333333333333,per-run-rms-p95-v1,square-root-joseph-v1,10000,0,0.0,391.5127268000001,v4,single,single,I
batt,0.0001,UKF,F2,0.044397712420035776,0.0002711873327271428,0.0009310039970948874,1.3394658100371943,0.15197166666666667,per-run-rms-p95-v1,square-root-joseph-v1,10000,0,0.0,726.1410298999999,v4,single,set,Pinv
batt,0.0001,UKF,F3,0.0004001951776659022,0.00020219837818385845,0.0006642410944473438,2.5239703837586447,0.004275,per-run-rms-p95-v1,square-root-joseph-v1,10000,0,0.0,797.5040549999999,v4,mean,single,Pinv
batt,0.0001,UKF,F4,0.00026910632714578086,0.00020043503022697696,0.0004909715298719791,0.9954677969773593,0.0015916666666666666,per-run-rms-p95-v1,square-root-joseph-v1,10000,0,0.0,1101.2323640999998,v4,mean,set,Pinv
batt,0.0001,UKF,IPLF2,0.02371999171132405,0.00032783537265077857,0.0029335333100324024,3537.724029088174,3.954753333333333,per-run-rms-p95-v1,square-root-joseph-v1,10000,0,0.0,921.4953808,v4,iplf,none,none
batt,0.0001,CKF,F0,0.07863845468813793,0.0002791976944162769,0.03026799970246763,21051.764780592042,0.0,per-run-rms-p95-v1,square-root-joseph-v1,10000,0,0.0,272.53837250000015,v4,conventional,none,none
batt,0.0001,CKF,F1,0.003625145964184538,0.00019750342779788573,0.0012382722858482048,189.3593715382343,0.06629,per-run-rms-p95-v1,square-root-joseph-v1,10000,0,0.0,365.1794480999997,v4,single,single,I
batt,0.0001,CKF,F2,0.04559087600061525,0.00023046651847210268,0.000626033004426555,1.0242849042648379,0.05067166666666667,per-run-rms-p95-v1,square-root-joseph-v1,10000,0,0.0,646.4554434000001,v4,single,set,Pinv
batt,0.0001,CKF,F3,0.007932176229484542,0.000203640179941647,0.0008711574743849059,286.5225461094646,0.00527,per-run-rms-p95-v1,square-root-joseph-v1,10000,0,0.0,740.7704003999997,v4,mean,single,Pinv
batt,0.0001,CKF,F4,0.0002646663053251972,0.00019719533620248778,0.0004808997382716711,1.0542973906640136,0.00161,per-run-rms-p95-v1,square-root-joseph-v1,10000,0,0.0,1017.0754966,v4,mean,set,Pinv
batt,0.0001,CKF,IPLF2,0.017482224614474105,0.00031998114415845356,0.002671131880330907,1820.1560222087523,3.981175,per-run-rms-p95-v1,square-root-joseph-v1,10000,0,0.0,866.6254809000002,v4,iplf,none,none
batt,0.00031622776601683794,EKF,F0,0.2447796400036516,0.002105957985625995,0.5871824902486216,5476890.226021176,0.0,per-run-rms-p95-v1,square-root-joseph-v1,10000,0,0.0,178.11591520000002,v4,conventional,none,none
batt,0.00031622776601683794,EKF,F1,0.015969788607524932,0.0009563520777349797,0.004551873576093386,85.2263046522125,0.12025166666666666,per-run-rms-p95-v1,square-root-joseph-v1,10000,0,0.0,232.71006609999995,v4,single,single,I
batt,0.00031622776601683794,EKF,F2,0.00905847907150659,0.0007579917768054331,0.009826966155348643,5.059146892237189,0.17302833333333334,per-run-rms-p95-v1,square-root-joseph-v1,10000,0,0.0,362.95335769999974,v4,single,set,Pinv
batt,0.00031622776601683794,EKF,F3,0.011795237201574361,0.0006459825769878779,0.002858367191404402,83.10698354040363,0.0036950000000000004,per-run-rms-p95-v1,square-root-joseph-v1,10000,0,0.0,384.7435647000002,v4,mean,single,Pinv
batt,0.00031622776601683794,EKF,F4,0.0008556735245807013,0.0005603285637788991,0.0016073337403351231,1.404001738495135,0.0019683333333333337,per-run-rms-p95-v1,square-root-joseph-v1,10000,0,0.0,508.0200361000002,v4,mean,set,Pinv
batt,0.00031622776601683794,EKF,IPLF2,0.026494798431453373,0.0009671686250517714,0.005497391524229754,439.81936991995144,3.0708966666666666,per-run-rms-p95-v1,square-root-joseph-v1,10000,0,0.0,486.8441425000001,v4,iplf,none,none
batt,0.00031622776601683794,EKF2,F0,0.06363516697861835,0.0005941173791328196,0.003203921415584506,1779.4587374722964,0.0,per-run-rms-p95-v1,square-root-joseph-v1,10000,0,0.0,305.63227210000014,v4,conventional,none,none
batt,0.00031622776601683794,EKF2,F1,0.014089733763997019,0.0005603014629932718,0.0015886481619962394,54.310277495048766,0.08044333333333334,per-run-rms-p95-v1,square-root-joseph-v1,10000,0,0.0,399.48009509999974,v4,single,single,I
batt,0.00031622776601683794,EKF2,F2,0.0481736781597167,0.0007376098415115425,0.002780614607999406,2.106699055864183,0.14228666666666664,per-run-rms-p95-v1,square-root-joseph-v1,10000,0,0.0,746.7003648999998,v4,single,set,Pinv
batt,0.00031622776601683794,EKF2,F3,0.0008965884970714082,0.0005550288230795238,0.0016287034436965686,1.5181888044111471,0.0021566666666666665,per-run-rms-p95-v1,square-root-joseph-v1,10000,0,0.0,817.9362931999999,v4,mean,single,Pinv
batt,0.00031622776601683794,EKF2,F4,0.0007774580543080329,0.000559393700748957,0.0014197691772103876,1.015333865458701,0.00136,per-run-rms-p95-v1,square-root-joseph-v1,10000,0,0.0,1144.0365883999998,v4,mean,set,Pinv
batt,0.00031622776601683794,EKF2,IPLF2,0.03064559838173963,0.0008939469899484721,0.004531631362120006,700.6609930865043,3.7256,per-run-rms-p95-v1,square-root-joseph-v1,10000,0,0.0,895.0698099000001,v4,iplf,none,none
batt,0.00031622776601683794,UKF,F0,0.0656572122253365,0.0006381302337847554,0.004272252301614023,1977.7055635675501,0.0,per-run-rms-p95-v1,square-root-joseph-v1,10000,0,0.0,273.3228982999999,v4,conventional,none,none
batt,0.00031622776601683794,UKF,F1,0.01797943841531127,0.0005640145124507522,0.0017462718715638436,108.06420379838974,0.090205,per-run-rms-p95-v1,square-root-joseph-v1,10000,0,0.0,388.2400757999999,v4,single,single,I
batt,0.00031622776601683794,UKF,F2,0.047573287355807556,0.0007503093853974358,0.0028712842359684128,2.2578515317813275,0.15302166666666667,per-run-rms-p95-v1,square-root-joseph-v1,10000,0,0.0,721.4195995,v4,single,set,Pinv
batt,0.00031622776601683794,UKF,F3,0.0009526057767748242,0.0005612965274895571,0.0017597804327031895,1.7697823430696524,0.002533333333333333,per-run-rms-p95-v1,square-root-joseph-v1,10000,0,0.0,817.9759458000003,v4,mean,single,Pinv
batt,0.00031622776601683794,UKF,F4,0.0007793110892200326,0.0005594847818028214,0.0014145508275361946,1.0329600799773984,0.00139,per-run-rms-p95-v1,square-root-joseph-v1,10000,0,0.0,1113.1973122999998,v4,mean,set,Pinv
batt,0.00031622776601683794,UKF,IPLF2,0.02718909572659909,0.0009877320882533927,0.004795422425300376,561.5900789764231,3.720963333333333,per-run-rms-p95-v1,square-root-joseph-v1,10000,0,0.0,839.5576979000002,v4,iplf,none,none
batt,0.00031622776601683794,CKF,F0,0.06751633776028312,0.0007361295970624678,0.029912908009001832,1630.3651841238798,0.0,per-run-rms-p95-v1,square-root-joseph-v1,10000,0,0.0,268.6314471999999,v4,conventional,none,none
batt,0.00031622776601683794,CKF,F1,0.004758894682526597,0.0006031536333481055,0.004437988744666645,40.508645708244515,0.0909,per-run-rms-p95-v1,square-root-joseph-v1,10000,0,0.0,373.0892469999999,v4,single,single,I
batt,0.00031622776601683794,CKF,F2,0.04873778992882921,0.0006493720691022554,0.0018779123733937266,1.1558139706596768,0.05180999999999999,per-run-rms-p95-v1,square-root-joseph-v1,10000,0,0.0,669.1290086999998,v4,single,set,Pinv
batt,0.00031622776601683794,CKF,F3,0.0056684323874544125,0.0005637339700120196,0.0018682103454321273,25.132286198396276,0.002058333333333333,per-run-rms-p95-v1,square-root-joseph-v1,10000,0,0.0,744.8004065000005,v4,mean,single,Pinv
batt,0.00031622776601683794,CKF,F4,0.0007874735480480473,0.0005553698054557188,0.0014418452233763328,1.109394334930719,0.0013549999999999999,per-run-rms-p95-v1,square-root-joseph-v1,10000,0,0.0,1037.8515668999994,v4,mean,set,Pinv
batt,0.00031622776601683794,CKF,IPLF2,0.0165086698118077,0.0009364203465913731,0.004408485963505104,122.05806950624084,3.6569300000000005,per-run-rms-p95-v1,square-root-joseph-v1,10000,0,0.0,792.1692131000004,v4,iplf,none,none
batt,0.001,EKF,F0,0.18631559795636288,0.002481498942331603,0.5470285160597663,7464.468565008664,0.0,per-run-rms-p95-v1,square-root-joseph-v1,10000,0,0.0,186.64614200000005,v4,conventional,none,none
batt,0.001,EKF,F1,0.01502127702739039,0.0021171284549266972,0.006438910374168854,8.755631317196757,0.09175,per-run-rms-p95-v1,square-root-joseph-v1,10000,0,0.0,228.08568790000027,v4,single,single,I
batt,0.001,EKF,F2,0.022270341092932307,0.002009869687174239,0.022524161617698164,5.766614400792547,0.13197,per-run-rms-p95-v1,square-root-joseph-v1,10000,0,0.0,358.8530658999998,v4,single,set,Pinv
batt,0.001,EKF,F3,0.0023818936944336134,0.0015443150521575232,0.004635079610558877,1.6290432018717118,0.00013666666666666666,per-run-rms-p95-v1,square-root-joseph-v1,10000,0,0.0,407.3327534,v4,mean,single,Pinv
batt,0.001,EKF,F4,0.0025116244392406496,0.0015493155336549157,0.004814228468916481,1.3839554255689517,0.00019500000000000002,per-run-rms-p95-v1,square-root-joseph-v1,10000,0,0.0,526.7488053000002,v4,mean,set,Pinv
batt,0.001,EKF,IPLF2,0.03265933930813505,0.0018898299503023737,0.006330493861813008,62.12826640855554,2.89372,per-run-rms-p95-v1,square-root-joseph-v1,10000,0,0.0,473.8719876,v4,iplf,none,none
batt,0.001,EKF2,F0,0.054931701825967606,0.0015791664180761565,0.00705551528386652,124.43389045193207,0.0,per-run-rms-p95-v1,square-root-joseph-v1,10000,0,0.0,303.5775920000001,v4,conventional,none,none
batt,0.001,EKF2,F1,0.0074433535736281,0.0016590230446171896,0.00502821236251386,3.176055168552428,0.07065666666666666,per-run-rms-p95-v1,square-root-joseph-v1,10000,0,0.0,426.91464989999986,v4,single,single,I
batt,0.001,EKF2,F2,0.05470803077391729,0.001920366274495042,0.009329276163250166,9.03682280242549,0.13568833333333336,per-run-rms-p95-v1,square-root-joseph-v1,10000,0,0.0,727.2353374999998,v4,single,set,Pinv
batt,0.001,EKF2,F3,0.0020455366961275464,0.0014291287853488292,0.003823126444524423,1.1451130604360809,0.0004416666666666667,per-run-rms-p95-v1,square-root-joseph-v1,10000,0,0.0,824.8694044999997,v4,mean,single,Pinv
batt,0.001,EKF2,F4,0.002089468867903772,0.0014656215459419534,0.0039093075031698685,1.039306389462395,0.00012166666666666668,per-run-rms-p95-v1,square-root-joseph-v1,10000,0,0.0,1137.1984792999997,v4,mean,set,Pinv
batt,0.001,EKF2,IPLF2,0.027347533222115694,0.0017418260291422833,0.005639881595892156,44.5590752727496,3.0952316666666664,per-run-rms-p95-v1,square-root-joseph-v1,10000,0,0.0,760.9969664999999,v4,iplf,none,none
batt,0.001,UKF,F0,0.05634848153386635,0.0016208965303435526,0.008456434007955307,135.03540246226294,0.0,per-run-rms-p95-v1,square-root-joseph-v1,10000,0,0.0,262.5133396999995,v4,conventional,none,none
batt,0.001,UKF,F1,0.002660214716560779,0.0016897781377985441,0.005206213422025802,1.6044019491522077,0.072505,per-run-rms-p95-v1,square-root-joseph-v1,10000,0,0.0,405.1444465999998,v4,single,single,I
batt,0.001,UKF,F2,0.05645340098743029,0.00195435296378236,0.010416556132196799,8.670135065830909,0.14671666666666666,per-run-rms-p95-v1,square-root-joseph-v1,10000,0,0.0,710.3758619999994,v4,single,set,Pinv
batt,0.001,UKF,F3,0.0020626706210444324,0.0014374695851269155,0.003907168000483937,1.1898019947462624,0.00047333333333333336,per-run-rms-p95-v1,square-root-joseph-v1,10000,0,0.0,809.6003620999995,v4,mean,single,Pinv
batt,0.001,UKF,F4,0.0020941726958759754,0.0014630990667641177,0.003932994766317124,1.0527894736336252,0.000125,per-run-rms-p95-v1,square-root-joseph-v1,10000,0,0.0,1105.7635960000002,v4,mean,set,Pinv
batt,0.001,UKF,IPLF2,0.02812145921179504,0.001770452606142885,0.0058429125440521675,41.40162429127041,3.070908333333333,per-run-rms-p95-v1,square-root-joseph-v1,10000,0,0.0,746.0484507999995,v4,iplf,none,none
batt,0.001,CKF,F0,0.05090463054998008,0.0017636022129177233,0.025868689112110516,111.18768493896258,0.0,per-run-rms-p95-v1,square-root-joseph-v1,10000,0,0.0,258.56021700000065,v4,conventional,none,none
batt,0.001,CKF,F1,0.006028032848339131,0.0018336343862506068,0.010785406906032339,7.275598282232628,0.07794,per-run-rms-p95-v1,square-root-joseph-v1,10000,0,0.0,367.59016919999976,v4,single,single,I
batt,0.001,CKF,F2,0.06952846172235931,0.0016402331015713994,0.009179024932270675,22.44485089776543,0.04504333333333333,per-run-rms-p95-v1,square-root-joseph-v1,10000,0,0.0,661.1988049999995,v4,single,set,Pinv
batt,0.001,CKF,F3,0.0021117235802499577,0.0014375484779172074,0.004007855720940776,1.2965973798208559,7.666666666666667e-05,per-run-rms-p95-v1,square-root-joseph-v1,10000,0,0.0,738.8216927000003,v4,mean,single,Pinv
batt,0.001,CKF,F4,0.0021665028149237906,0.0014566245344895157,0.004001176074625856,1.1263179079565366,0.00012000000000000002,per-run-rms-p95-v1,square-root-joseph-v1,10000,0,0.0,1010.1121346999998,v4,mean,set,Pinv
batt,0.001,CKF,IPLF2,0.028303114430583986,0.001782016606933312,0.005729202420547119,31.304073343812487,3.0300683333333334,per-run-rms-p95-v1,square-root-joseph-v1,10000,0,0.0,690.4585151000001,v4,iplf,none,none
batt,0.0031622776601683794,EKF,F0,0.14321909729925628,0.004525991883748566,0.48540763306539736,130.12754178472838,0.0,per-run-rms-p95-v1,square-root-joseph-v1,10000,0,0.0,172.94772790000025,v4,conventional,none,none
batt,0.0031622776601683794,EKF,F1,0.007571290594227572,0.004573340300831326,0.013143048751385805,1.4050981567698568,0.03191666666666666,per-run-rms-p95-v1,square-root-joseph-v1,10000,0,0.0,218.27309549999973,v4,single,single,I
batt,0.0031622776601683794,EKF,F2,0.039335240382610465,0.004641293476665592,0.024431475105714664,2.296526062887914,0.06987333333333333,per-run-rms-p95-v1,square-root-joseph-v1,10000,0,0.0,366.77779480000027,v4,single,set,Pinv
batt,0.0031622776601683794,EKF,F3,0.0057196070964776104,0.004081199900739198,0.010737049908768101,1.1437679595642998,5e-05,per-run-rms-p95-v1,square-root-joseph-v1,10000,0,0.0,394.7158668999991,v4,mean,single,Pinv
batt,0.0031622776601683794,EKF,F4,0.006136480273773945,0.004175167243239701,0.01159137752794221,1.17760257976059,5e-06,per-run-rms-p95-v1,square-root-joseph-v1,10000,0,0.0,526.2054510999997,v4,mean,set,Pinv
batt,0.0031622776601683794,EKF,IPLF2,0.02983531027496184,0.0040340412051926965,0.010387572331673183,4.957108171517784,2.6549449999999997,per-run-rms-p95-v1,square-root-joseph-v1,10000,0,0.0,439.0913467999999,v4,iplf,none,none
batt,0.0031622776601683794,EKF2,F0,0.04531292834581063,0.0042251106923760755,0.013886568231552104,10.246585881950585,0.0,per-run-rms-p95-v1,square-root-joseph-v1,10000,0,0.0,307.4819325999997,v4,conventional,none,none
batt,0.0031622776601683794,EKF2,F1,0.0066226664913514475,0.004506801272821787,0.012602887898164643,1.2834874839813737,0.030058333333333326,per-run-rms-p95-v1,square-root-joseph-v1,10000,0,0.0,417.06013709999934,v4,single,single,I
batt,0.0031622776601683794,EKF2,F2,0.04090026165578113,0.004836221288211508,0.018132604543003788,1.3118868666311316,0.11200333333333333,per-run-rms-p95-v1,square-root-joseph-v1,10000,0,0.0,730.7600585999999,v4,single,set,Pinv
batt,0.0031622776601683794,EKF2,F3,0.005550194950355796,0.00401272515608226,0.01044893864604257,1.0791355453642106,0.0001816666666666667,per-run-rms-p95-v1,square-root-joseph-v1,10000,0,0.0,815.4794865999993,v4,mean,single,Pinv
batt,0.0031622776601683794,EKF2,F4,0.005638326055585946,0.004038269081222478,0.010548876918394318,1.0745953371878483,3.3333333333333333e-06,per-run-rms-p95-v1,square-root-joseph-v1,10000,0,0.0,1118.1430890000001,v4,mean,set,Pinv
batt,0.0031622776601683794,EKF2,IPLF2,0.020939650889637392,0.004014228890796464,0.010316306542349071,3.242757830343284,2.71027,per-run-rms-p95-v1,square-root-joseph-v1,10000,0,0.0,687.9356109999999,v4,iplf,none,none
batt,0.0031622776601683794,UKF,F0,0.04561391197282762,0.004271170233842988,0.01434973600194229,10.46612282300323,0.0,per-run-rms-p95-v1,square-root-joseph-v1,10000,0,0.0,260.6897802000003,v4,conventional,none,none
batt,0.0031622776601683794,UKF,F1,0.006644843278906464,0.00449878450851727,0.01268902657329212,1.2977397209851567,0.030908333333333333,per-run-rms-p95-v1,square-root-joseph-v1,10000,0,0.0,384.3344993999999,v4,single,single,I
batt,0.0031622776601683794,UKF,F2,0.04079393644538491,0.004898230666109235,0.018771710206800553,1.2848700682163499,0.11921833333333334,per-run-rms-p95-v1,square-root-joseph-v1,10000,0,0.0,714.6010288999996,v4,single,set,Pinv
batt,0.0031622776601683794,UKF,F3,0.005553731842492318,0.004009024040645692,0.010413553291844511,1.086980441921519,0.00019833333333333335,per-run-rms-p95-v1,square-root-joseph-v1,10000,0,0.0,796.9954023,v4,mean,single,Pinv
batt,0.0031622776601683794,UKF,F4,0.0056427201530912215,0.00403089966386605,0.010556690495001417,1.0802771213495053,3.3333333333333333e-06,per-run-rms-p95-v1,square-root-joseph-v1,10000,0,0.0,1069.1647533999994,v4,mean,set,Pinv
batt,0.0031622776601683794,UKF,IPLF2,0.02063114036419391,0.004032870191533891,0.010370386055331724,3.501117047187346,2.71378,per-run-rms-p95-v1,square-root-joseph-v1,10000,0,0.0,648.854002,v4,iplf,none,none
batt,0.0031622776601683794,CKF,F0,0.03210782758305638,0.00425678366359915,0.013850875648364297,5.703619867628564,0.0,per-run-rms-p95-v1,square-root-joseph-v1,10000,0,0.0,268.3080444999996,v4,conventional,none,none
batt,0.0031622776601683794,CKF,F1,0.007472591729676904,0.0045838285897422,0.014421528699752778,1.675118982715773,0.02632,per-run-rms-p95-v1,square-root-joseph-v1,10000,0,0.0,375.26401929999975,v4,single,single,I
batt,0.0031622776601683794,CKF,F2,0.042765300051884635,0.004111806367431061,0.011974864556588628,1.50098317924941,0.009765000000000001,per-run-rms-p95-v1,square-root-joseph-v1,10000,0,0.0,646.1064897999995,v4,single,set,Pinv
batt,0.0031622776601683794,CKF,F3,0.005478664357548574,0.003970908798847367,0.010239072693993616,1.1128899417427744,1e-05,per-run-rms-p95-v1,square-root-joseph-v1,10000,0,0.0,721.8687577999999,v4,mean,single,Pinv
batt,0.0031622776601683794,CKF,F4,0.005601635493062123,0.004004348273085685,0.010431525670954601,1.1082780357903155,1.6666666666666667e-06,per-run-rms-p95-v1,square-root-joseph-v1,10000,0,0.0,968.0442800000001,v4,mean,set,Pinv
batt,0.0031622776601683794,CKF,IPLF2,0.018544429536305612,0.0040329250200601486,0.010228313157215639,2.7353108669366937,2.68436,per-run-rms-p95-v1,square-root-joseph-v1,10000,0,0.0,607.0477340999996,v4,iplf,none,none
batt,0.01,EKF,F0,0.06686409597631933,0.010618195486303487,0.03163337447955552,6.359430270991884,0.0,per-run-rms-p95-v1,square-root-joseph-v1,10000,0,0.0,184.9801321999994,v4,conventional,none,none
batt,0.01,EKF,F1,0.01443994487545576,0.010346964337519884,0.02709459894166542,1.0986269187812676,0.0011583333333333333,per-run-rms-p95-v1,square-root-joseph-v1,10000,0,0.0,224.08432429999993,v4,single,single,I
batt,0.01,EKF,F2,0.017546388507084117,0.010237747699510087,0.02768338158263506,1.076168824334411,0.009873333333333333,per-run-rms-p95-v1,square-root-joseph-v1,10000,0,0.0,358.3711387000003,v4,single,set,Pinv
batt,0.01,EKF,F3,0.013897490886949413,0.010118316793717032,0.026180636074230604,1.0574643551168272,2.5e-05,per-run-rms-p95-v1,square-root-joseph-v1,10000,0,0.0,402.68427410000004,v4,mean,single,Pinv
batt,0.01,EKF,F4,0.013908545805849768,0.010091318013109571,0.02615460807990788,1.0558562913963985,0.0,per-run-rms-p95-v1,square-root-joseph-v1,10000,0,0.0,517.7169556999997,v4,mean,set,Pinv
batt,0.01,EKF,IPLF2,0.02786103963372202,0.010162527892122426,0.025846694935303366,1.6131574151996428,2.432761666666667,per-run-rms-p95-v1,square-root-joseph-v1,10000,0,0.0,406.0229690999995,v4,iplf,none,none
batt,0.01,EKF2,F0,0.029578719983494862,0.010214905262609247,0.027378860721495174,1.5280453056921872,0.0,per-run-rms-p95-v1,square-root-joseph-v1,10000,0,0.0,292.2526554999995,v4,conventional,none,none
batt,0.01,EKF2,F1,0.014001556292544534,0.010141438413660126,0.026280697972872965,1.0658586992184163,0.0014516666666666666,per-run-rms-p95-v1,square-root-joseph-v1,10000,0,0.0,413.85310260000006,v4,single,single,I
batt,0.01,EKF2,F2,0.016908266635505206,0.010482257722937205,0.02887744861529095,1.0325339181062347,0.05335166666666668,per-run-rms-p95-v1,square-root-joseph-v1,10000,0,0.0,692.5061670999994,v4,single,set,Pinv
batt,0.01,EKF2,F3,0.0135613752084065,0.010001794555308391,0.025579551898166433,1.0364429837670195,3.0000000000000004e-05,per-run-rms-p95-v1,square-root-joseph-v1,10000,0,0.0,755.9802900999994,v4,mean,single,Pinv
batt,0.01,EKF2,F4,0.013507794819178692,0.009948910923305174,0.025345993539450714,1.0483196472412804,0.0,per-run-rms-p95-v1,square-root-joseph-v1,10000,0,0.0,962.6079741999993,v4,mean,set,Pinv
batt,0.01,EKF2,IPLF2,0.02288038953174766,0.010114162368730313,0.02580944515889194,1.4533200251925265,2.4820183333333334,per-run-rms-p95-v1,square-root-joseph-v1,10000,0,0.0,602.7027705999999,v4,iplf,none,none
batt,0.01,UKF,F0,0.029587910598379567,0.010214664425201586,0.02738705440602908,1.5330735840901735,0.0,per-run-rms-p95-v1,square-root-joseph-v1,10000,0,0.0,271.1713474999997,v4,conventional,none,none
batt,0.01,UKF,F1,0.01400596455094696,0.010148970456159864,0.026315984557586995,1.0686960051644487,0.0015300000000000001,per-run-rms-p95-v1,square-root-joseph-v1,10000,0,0.0,366.0424432,v4,single,single,I
batt,0.01,UKF,F2,0.01699124535855426,0.010568232979254938,0.02894694079748424,1.0324788045791922,0.05945666666666666,per-run-rms-p95-v1,square-root-joseph-v1,10000,0,0.0,629.0581303999998,v4,single,set,Pinv
batt,0.01,UKF,F3,0.013562973309859281,0.010007366671164211,0.02560245710694362,1.0385611314184275,3.1666666666666666e-05,per-run-rms-p95-v1,square-root-joseph-v1,10000,0,0.0,678.4531354999999,v4,mean,single,Pinv
batt,0.01,UKF,F4,0.013509584115293035,0.009954971931845566,0.025325269498378593,1.0500289280940982,0.0,per-run-rms-p95-v1,square-root-joseph-v1,10000,0,0.0,901.1171502999996,v4,mean,set,Pinv
batt,0.01,UKF,IPLF2,0.022849843764252555,0.010103905059763675,0.025833856958181092,1.4552464501309283,2.4823066666666667,per-run-rms-p95-v1,square-root-joseph-v1,10000,0,0.0,544.1167671000003,v4,iplf,none,none
batt,0.01,CKF,F0,0.020235522771399242,0.01006317423863123,0.026112569999457744,1.2720281482769438,0.0,per-run-rms-p95-v1,square-root-joseph-v1,10000,0,0.0,258.3193783000006,v4,conventional,none,none
batt,0.01,CKF,F1,0.013659573917295446,0.009986650542151025,0.025655096555819393,1.0940446143811902,0.0008183333333333333,per-run-rms-p95-v1,square-root-joseph-v1,10000,0,0.0,351.10928930000046,v4,single,single,I
batt,0.01,CKF,F2,0.013519518398247823,0.009933649285791608,0.02535279848934534,1.096624894958095,0.0,per-run-rms-p95-v1,square-root-joseph-v1,10000,0,0.0,549.0394418000005,v4,single,set,Pinv
batt,0.01,CKF,F3,0.013449146689041791,0.009950208491408569,0.025275347845895323,1.0711141235768102,0.0,per-run-rms-p95-v1,square-root-joseph-v1,10000,0,0.0,604.5308767999995,v4,mean,single,Pinv
batt,0.01,CKF,F4,0.013439876142454286,0.009908966813075085,0.025209170910461903,1.0874274718910708,0.0,per-run-rms-p95-v1,square-root-joseph-v1,10000,0,0.0,801.8505435999996,v4,mean,set,Pinv
batt,0.01,CKF,IPLF2,0.015854844187163483,0.010027002544045639,0.025363550576627474,1.293202422953702,2.4416933333333333,per-run-rms-p95-v1,square-root-joseph-v1,10000,0,0.0,478.6508131999999,v4,iplf,none,none
